freq_hz,spl_db
3.6621,47.730
3.6886,47.792
3.7154,47.854
3.7423,47.917
3.7694,47.979
3.7967,48.041
3.8242,48.104
3.8520,48.166
3.8799,48.229
3.9080,48.291
3.9363,48.353
3.9648,48.416
3.9936,48.478
4.0225,48.540
4.0516,48.603
4.0810,48.665
4.1106,48.727
4.1404,48.790
4.1704,48.852
4.2006,48.914
4.2310,48.977
4.2617,49.039
4.2926,49.101
4.3237,49.164
4.3550,49.226
4.3866,49.288
4.4184,49.382
4.4504,49.486
4.4826,49.590
4.5151,49.694
4.5478,49.798
4.5808,49.902
4.6140,50.007
4.6474,50.111
4.6811,50.215
4.7150,50.319
4.7492,50.423
4.7836,50.527
4.8182,50.631
4.8532,50.735
4.8883,50.839
4.9238,50.943
4.9594,51.048
4.9954,51.152
5.0316,51.256
5.0680,51.360
5.1048,51.464
5.1417,51.555
5.1790,51.627
5.2165,51.699
5.2543,51.770
5.2924,51.842
5.3308,51.914
5.3694,51.986
5.4083,52.057
5.4475,52.129
5.4870,52.201
5.5267,52.273
5.5668,52.345
5.6071,52.416
5.6477,52.488
5.6887,52.560
5.7299,52.632
5.7714,52.703
5.8132,52.775
5.8554,52.847
5.8978,52.926
5.9405,53.006
5.9836,53.087
6.0269,53.167
6.0706,53.247
6.1146,53.327
6.1589,53.407
6.2035,53.488
6.2485,53.568
6.2938,53.648
6.3394,53.728
6.3853,53.808
6.4316,53.888
6.4782,53.969
6.5251,54.049
6.5724,54.129
6.6200,54.193
6.6680,54.247
6.7163,54.300
6.7650,54.353
6.8140,54.406
6.8634,54.460
6.9131,54.513
6.9632,54.566
7.0137,54.619
7.0645,54.673
7.1157,54.726
7.1673,54.779
7.2192,54.833
7.2715,54.886
7.3242,54.939
7.3773,54.988
7.4308,55.037
7.4846,55.085
7.5388,55.134
7.5935,55.183
7.6485,55.232
7.7039,55.280
7.7597,55.329
7.8160,55.378
7.8726,55.426
7.9297,55.475
7.9871,55.524
8.0450,55.573
8.1033,55.629
8.1620,55.687
8.2212,55.745
8.2807,55.803
8.3407,55.861
8.4012,55.919
8.4621,55.977
8.5234,56.035
8.5851,56.093
8.6474,56.151
8.7100,56.209
8.7731,56.267
8.8367,56.265
8.9007,56.241
8.9652,56.218
9.0302,56.195
9.0956,56.172
9.1615,56.149
9.2279,56.125
9.2948,56.102
9.3622,56.079
9.4300,56.056
9.4983,56.033
9.5672,55.994
9.6365,55.949
9.7063,55.903
9.7767,55.857
9.8475,55.811
9.9189,55.765
9.9907,55.720
10.0631,55.674
10.1361,55.628
10.2095,55.582
10.2835,55.499
10.3580,55.358
10.4331,55.218
10.5087,55.078
10.5848,54.938
10.6615,54.798
10.7388,54.657
10.8166,54.517
10.8950,54.377
10.9739,54.237
11.0535,54.189
11.1335,54.157
11.2142,54.126
11.2955,54.095
11.3773,54.064
11.4598,54.033
11.5428,54.002
11.6265,53.971
11.7107,53.940
11.7956,53.897
11.8811,53.852
11.9672,53.808
12.0539,53.764
12.1412,53.719
12.2292,53.675
12.3178,53.631
12.4071,53.586
12.4970,53.547
12.5875,53.513
12.6788,53.478
12.7706,53.444
12.8632,53.409
12.9564,53.375
13.0503,53.340
13.1448,53.306
13.2401,53.540
13.3360,53.958
13.4327,54.377
13.5300,54.795
13.6281,55.214
13.7268,55.632
13.8263,56.051
13.9265,56.375
14.0274,55.885
14.1290,55.395
14.2314,54.905
14.3346,54.415
14.4384,53.925
14.5431,53.435
14.6484,52.945
14.7546,53.248
14.8615,53.550
14.9692,53.852
15.0777,54.154
15.1869,54.456
15.2970,54.758
15.4078,54.799
15.5195,54.027
15.6319,53.255
15.7452,52.482
15.8593,51.710
15.9742,50.938
16.0900,50.166
16.2066,49.957
16.3240,49.890
16.4423,49.822
16.5615,49.755
16.6815,49.688
16.8024,49.620
16.9241,49.489
17.0468,49.322
17.1703,49.155
17.2947,48.988
17.4200,48.821
17.5463,48.654
17.6734,48.749
17.8015,48.932
17.9305,49.115
18.0604,49.298
18.1913,49.481
18.3231,49.642
18.4559,49.594
18.5896,49.546
18.7243,49.498
18.8600,49.450
18.9967,49.402
19.1343,49.595
19.2730,49.911
19.4126,50.227
19.5533,50.543
19.6950,50.858
19.8377,50.805
19.9815,50.275
20.1263,49.744
20.2721,49.214
20.4190,48.683
20.5670,48.409
20.7160,48.522
20.8661,48.635
21.0173,48.747
21.1696,48.860
21.3230,48.852
21.4776,48.740
21.6332,48.629
21.7900,48.518
21.9479,48.406
22.1069,48.572
22.2671,48.790
22.4285,49.007
22.5910,49.224
22.7547,49.314
22.9196,49.108
23.0857,48.903
23.2529,48.697
23.4214,48.491
23.5912,48.755
23.7621,49.068
23.9343,49.381
24.1077,49.694
24.2824,50.002
24.4584,50.306
24.6356,50.610
24.8142,50.914
24.9940,51.360
25.1751,51.942
25.3575,52.524
25.5413,53.106
25.7264,53.527
25.9128,53.781
26.1005,54.035
26.2897,54.289
26.4802,54.441
26.6721,54.524
26.8654,54.606
27.0600,54.689
27.2561,56.313
27.4536,58.329
27.6526,60.345
27.8529,62.250
28.0548,63.204
28.2581,64.158
28.4628,65.111
28.6691,63.923
28.8769,60.647
29.0861,57.371
29.2969,54.096
29.5092,53.146
29.7230,52.197
29.9384,51.248
30.1553,50.566
30.3739,50.077
30.5940,49.588
30.8157,49.147
31.0390,48.853
31.2639,48.559
31.4904,48.265
31.7186,48.035
31.9485,47.805
32.1800,47.576
32.4132,47.169
32.6480,46.718
32.8846,46.267
33.1229,46.127
33.3629,46.128
33.6047,46.129
33.8482,46.312
34.0935,46.596
34.3406,46.880
34.5894,47.005
34.8401,47.051
35.0925,47.097
35.3468,46.717
35.6029,46.193
35.8609,45.670
36.1208,46.293
36.3826,47.054
36.6462,47.761
36.9117,47.954
37.1792,48.148
37.4486,48.436
37.7200,48.899
37.9933,49.362
38.2687,49.838
38.5460,50.320
38.8253,50.810
39.1066,51.643
39.3900,52.476
39.6755,52.641
39.9630,51.941
40.2525,51.242
40.5442,50.907
40.8380,50.615
41.1340,50.540
41.4320,50.789
41.7323,51.039
42.0347,51.231
42.3393,51.419
42.6461,51.678
42.9551,51.998
43.2664,52.288
43.5799,52.427
43.8957,52.566
44.2138,52.539
44.5342,52.482
44.8569,52.833
45.1820,53.512
45.5094,54.020
45.8391,54.135
46.1713,54.235
46.5059,54.188
46.8429,54.141
47.1823,54.595
47.5242,55.102
47.8686,55.580
48.2155,56.049
48.5649,56.403
48.9168,56.693
49.2713,56.967
49.6283,57.229
49.9879,57.521
50.3502,57.842
50.7150,57.892
51.0825,57.657
51.4527,57.307
51.8255,56.840
52.2011,56.827
52.5794,57.217
52.9604,57.250
53.3442,57.037
53.7307,57.197
54.1201,57.530
54.5122,57.608
54.9073,57.621
55.3051,57.842
55.7059,58.073
56.1096,58.268
56.5162,58.401
56.9257,58.384
57.3382,58.402
57.7537,58.456
58.1722,58.484
58.5938,58.503
59.0183,58.249
59.4460,58.007
59.8768,57.795
60.3107,58.085
60.7477,58.739
61.1879,57.797
61.6313,56.954
62.0779,56.967
62.5278,57.176
62.9809,57.515
63.4372,56.329
63.8969,55.074
64.3600,53.747
64.8263,53.699
65.2961,54.105
65.7693,54.944
66.2459,54.536
66.7259,53.564
67.2094,52.616
67.6964,52.771
68.1870,53.390
68.6811,53.151
69.1788,53.092
69.6801,53.352
70.1850,54.522
70.6936,54.303
71.2059,54.032
71.7219,54.668
72.2416,55.294
72.7651,55.320
73.2924,54.748
73.8235,54.503
74.3585,54.732
74.8973,54.965
75.4400,54.861
75.9867,55.351
76.5373,56.393
77.0919,57.357
77.6506,57.634
78.2133,58.457
78.7800,58.765
79.3509,59.106
79.9259,59.582
80.5051,59.208
81.0885,58.731
81.6761,58.528
82.2679,58.575
82.8641,58.931
83.4645,60.151
84.0694,60.824
84.6786,61.344
85.2922,61.873
85.9102,62.256
86.5328,62.288
87.1598,62.348
87.7914,61.009
88.4276,59.750
89.0684,59.156
89.7138,59.285
90.3639,59.779
91.0187,59.978
91.6783,59.563
92.3426,59.622
93.0118,59.748
93.6858,59.039
94.3647,58.268
95.0485,57.344
95.7372,56.354
96.4310,55.698
97.1298,55.012
97.8336,54.396
98.5425,53.790
99.2566,53.343
99.9759,53.354
100.7003,53.834
101.4301,54.562
102.1651,55.299
102.9054,56.036
103.6511,56.788
104.4022,57.542
105.1587,57.622
105.9208,57.694
106.6883,58.034
107.4614,58.377
108.2401,58.429
109.0245,58.479
109.8145,58.351
110.6103,58.233
111.4118,58.772
112.2191,59.305
113.0323,59.556
113.8514,59.803
114.6764,59.879
115.5074,59.963
116.3444,60.260
117.1875,60.536
118.0367,60.338
118.8920,60.165
119.7536,60.473
120.6214,60.770
121.4954,60.879
122.3758,60.998
123.2626,61.272
124.1558,61.521
125.0555,61.429
125.9617,61.341
126.8745,61.299
127.7939,61.235
128.7199,60.934
129.6527,60.624
130.5922,60.235
131.5385,59.853
132.4917,59.534
133.4518,59.301
134.4188,59.809
135.3929,60.312
136.3740,60.771
137.3622,61.258
138.3576,61.963
139.3602,62.615
140.3701,62.904
141.3872,63.212
142.4118,63.657
143.4438,64.106
144.4832,64.589
145.5302,65.050
146.5848,65.384
147.6470,65.733
148.7169,66.164
149.7946,66.541
150.8800,66.625
151.9734,66.691
153.0746,66.660
154.1839,66.663
155.3012,66.829
156.4265,66.922
157.5601,66.686
158.7018,66.370
159.8518,65.704
161.0102,65.119
162.1769,64.873
163.3521,64.715
164.5359,64.915
165.7282,65.068
166.9291,65.043
168.1387,64.961
169.3571,64.667
170.5844,64.308
171.8205,63.722
173.0656,63.046
174.3197,62.068
175.5829,61.128
176.8552,60.319
178.1368,59.525
179.4276,58.783
180.7278,58.130
182.0375,57.749
183.3566,57.341
184.6853,56.854
186.0236,56.409
187.3716,56.085
188.7293,55.792
190.0969,55.581
191.4745,55.223
192.8620,54.471
194.2595,54.076
195.6672,54.590
197.0851,55.020
198.5133,55.242
199.9518,55.038
201.4007,53.819
202.8601,53.216
204.3301,54.037
205.8108,54.527
207.3022,54.276
208.8044,54.092
210.3175,54.049
211.8415,53.771
213.3766,52.995
214.9228,52.235
216.4802,51.506
218.0489,50.850
219.6290,50.339
221.2205,50.373
222.8236,51.448
224.4383,52.437
226.0646,53.263
227.7028,53.963
229.3528,54.437
231.0148,54.845
232.6888,55.136
234.3750,55.078
236.0734,54.425
237.7841,54.707
239.5071,56.530
241.2427,57.546
242.9909,57.270
244.7517,57.172
246.5252,57.351
248.3117,57.138
250.1110,56.332
251.9234,55.779
253.7490,55.597
255.5877,55.252
257.4398,54.672
259.3054,54.476
261.1844,54.817
263.0770,55.014
264.9834,55.019
266.9036,55.097
268.8377,55.270
270.7858,55.331
272.7480,55.249
274.7245,55.159
276.7152,55.061
278.7204,54.687
280.7401,53.979
282.7745,53.766
284.8236,54.137
286.8875,54.285
288.9665,54.179
291.0604,53.978
293.1696,53.670
295.2940,53.496
297.4338,53.466
299.5891,53.369
301.7601,53.201
303.9468,52.952
306.1493,52.619
308.3678,52.700
310.6023,53.194
312.8531,53.283
315.1202,52.978
317.4036,52.868
319.7037,52.943
322.0204,53.327
324.3539,53.995
326.7043,54.865
329.0717,55.914
331.4563,56.161
333.8582,55.710
336.2774,55.804
338.7143,56.359
341.1687,56.675
343.6410,56.793
346.1311,57.203
348.6393,57.846
351.1657,58.204
353.7104,58.340
356.2735,58.594
358.8552,58.937
361.4557,59.181
364.0749,59.353
366.7132,59.348
369.3705,59.215
372.0471,58.773
374.7431,58.117
377.4587,57.245
380.1939,56.226
382.9489,55.324
385.7239,54.500
388.5191,53.973
391.3344,53.637
394.1702,53.984
397.0265,54.755
399.9035,54.974
402.8014,54.860
405.7203,54.768
408.6603,54.691
411.6216,54.569
414.6044,54.422
417.6088,54.206
420.6349,53.950
423.6830,53.168
426.7532,52.103
429.8456,51.532
432.9605,51.217
436.0979,50.762
439.2580,50.235
442.4411,50.028
445.6472,49.976
448.8765,49.857
452.1293,49.707
455.4056,49.741
458.7057,49.859
462.0296,49.541
465.3777,49.030
468.7500,48.263
472.1468,47.385
475.5681,46.971
479.0143,46.750
482.4854,47.605
485.9817,48.894
489.5033,49.193
493.0505,49.105
496.6233,49.563
500.2221,50.227
503.8469,49.980
507.4980,49.400
511.1755,49.798
514.8797,50.540
518.6107,51.181
522.3688,51.787
526.1541,52.269
529.9668,52.712
533.8072,53.133
537.6754,53.547
541.5716,54.076
545.4960,54.639
549.4489,54.292
553.4304,53.679
557.4408,53.151
561.4803,52.647
565.5490,52.042
569.6472,51.410
573.7751,50.722
577.9329,50.020
582.1208,49.293
586.3391,48.559
590.5880,48.861
594.8676,49.408
599.1783,49.989
603.5202,50.579
607.8935,50.835
612.2986,51.019
616.7356,51.494
621.2047,52.030
625.7062,52.267
630.2403,52.446
634.8073,52.725
639.4074,53.022
644.0408,52.787
648.7078,52.458
653.4086,52.734
658.1434,53.110
662.9126,53.593
667.7163,54.092
672.5549,54.553
677.4285,55.008
682.3374,55.429
687.2819,55.845
692.2623,55.661
697.2787,55.398
702.3314,55.756
707.4208,56.191
712.5471,56.600
717.7105,57.005
722.9113,56.741
728.1498,56.406
733.4263,56.680
738.7410,57.013
744.0942,57.338
749.4863,57.662
754.9173,57.606
760.3878,57.519
765.8979,56.751
771.4479,55.934
777.0381,56.611
782.6688,57.387
788.3404,57.902
794.0530,58.402
799.8071,59.499
805.6028,60.626
811.4405,60.750
817.3206,60.831
823.2432,60.392
829.2088,59.936
835.2175,59.078
841.2699,58.209
847.3661,57.019
853.5064,55.822
859.6913,55.143
865.9210,54.471
872.1958,54.409
878.5161,54.351
884.8822,54.519
891.2944,54.686
897.7531,54.724
904.2586,54.761
910.8112,54.716
917.4113,54.650
924.0592,53.538
930.7554,52.426
937.5000,51.322
944.2935,50.244
951.1363,49.912
958.0286,49.574
964.9708,49.094
971.9634,48.643
979.0067,48.789
986.1010,48.927
993.2467,48.918
1000.4441,48.925
1007.6938,49.161
1014.9959,49.378
1022.3510,49.334
1029.7594,49.289
1037.2214,49.224
1044.7376,49.230
1052.3082,50.029
1059.9336,50.726
1067.6143,50.384
1075.3507,50.024
1083.1432,49.493
1090.9921,48.985
1098.8978,48.684
1106.8609,48.378
1114.8817,48.038
1122.9606,47.752
1131.0980,47.873
1139.2944,47.953
1147.5502,47.739
1155.8658,47.549
1164.2417,47.511
1172.6783,47.505
1181.1760,47.706
1189.7353,48.045
1198.3566,49.201
1207.0404,50.288
1215.7871,50.986
1224.5972,51.589
1233.4711,51.674
1242.4094,51.797
1251.4124,52.118
1260.4806,52.360
1269.6146,52.224
1278.8147,52.156
1288.0815,52.405
1297.4155,52.646
1306.8171,52.850
1316.2869,52.960
1325.8252,52.674
1335.4327,52.257
1345.1098,51.307
1354.8570,50.506
1364.6749,50.277
1374.5639,49.941
1384.5245,49.207
1394.5573,48.388
1404.6629,47.262
1414.8417,46.254
1425.0942,45.650
1435.4210,44.971
1445.8226,44.048
1456.2997,43.471
1466.8526,43.991
1477.4820,45.063
1488.1885,47.825
1498.9725,50.222
1509.8347,51.542
1520.7756,52.301
1531.7957,51.460
1542.8958,50.854
1554.0762,50.891
1565.3377,50.931
1576.6808,50.979
1588.1061,51.064
1599.6141,51.245
1611.2056,51.054
1622.8811,49.944
1634.6411,49.167
1646.4864,49.187
1658.4175,49.259
1670.4351,49.456
1682.5398,49.187
1694.7321,47.875
1707.0129,47.067
1719.3826,47.359
1731.8419,47.644
1744.3916,47.915
1757.0322,47.943
1769.7643,47.476
1782.5888,47.252
1795.5062,47.513
1808.5171,47.592
1821.6224,47.319
1834.8226,47.067
1848.1185,46.853
1861.5107,47.117
1875.0000,48.245
1888.5870,48.968
1902.2725,48.981
1916.0572,48.907
1929.9417,48.683
1943.9268,48.719
1958.0133,49.188
1972.2019,49.530
1986.4933,49.670
2000.8883,49.488
2015.3875,48.804
2029.9918,48.148
2044.7020,47.538
2059.5188,47.234
2074.4429,47.381
2089.4751,47.572
2104.6163,47.826
2119.8673,48.175
2135.2287,48.656
2150.7014,49.221
2166.2863,49.899
2181.9841,50.515
2197.7957,51.047
2213.7218,50.958
2229.7633,50.069
2245.9211,49.435
2262.1960,49.116
2278.5888,48.577
2295.1004,47.772
2311.7316,47.316
2328.4834,47.274
2345.3565,47.101
2362.3520,46.777
2379.4705,46.565
2396.7132,46.478
2414.0807,46.366
2431.5742,46.228
2449.1944,46.475
2466.9422,47.130
2484.8187,47.273
2502.8247,46.888
2520.9612,46.558
2539.2292,46.285
2557.6295,46.363
2576.1631,46.784
2594.8310,46.895
2613.6342,46.711
2632.5737,46.695
2651.6504,46.832
2670.8654,46.695
2690.2196,46.311
2709.7140,46.108
2729.3497,46.063
2749.1277,46.218
2769.0490,46.543
2789.1147,46.386
2809.3258,45.832
2829.6833,45.392
2850.1884,45.044
2870.8420,45.567
2891.6453,46.772
2912.5994,47.363
2933.7052,47.485
2954.9641,47.751
2976.3770,48.123
2997.9450,48.327
3019.6694,48.410
3041.5511,48.391
3063.5915,48.299
3085.7915,48.561
3108.1524,49.064
3130.6754,49.511
3153.3616,49.920
3176.2121,49.997
3199.2283,49.860
3222.4112,49.970
3245.7621,50.234
3269.2822,50.942
3292.9728,51.919
3316.8350,51.716
3340.8702,50.818
3365.0795,50.565
3389.4643,50.680
3414.0257,49.805
3438.7652,48.381
3463.6839,48.465
3488.7832,49.360
3514.0643,49.394
3539.5287,48.978
3565.1776,48.901
3591.0123,48.996
3617.0343,49.028
3643.2448,49.029
3669.6452,48.545
3696.2370,47.829
3723.0215,47.966
3750.0000,48.497
3777.1740,48.789
3804.5450,48.974
3832.1143,48.606
3859.8834,47.999
3887.8537,48.049
3916.0267,48.375
3944.4038,48.131
3972.9866,47.658
4001.7765,47.617
4030.7750,47.745
4059.9837,46.812
4089.4040,45.476
4119.0375,45.094
4148.8857,45.060
4178.9503,44.806
4209.2327,44.474
4239.7345,44.635
4270.4574,44.965
4301.4029,45.831
4332.5726,46.874
4363.9682,47.726
4395.5913,48.517
4427.4436,49.077
4459.5267,49.566
4491.8422,49.728
4524.3920,49.794
4557.1776,49.462
4590.2008,49.018
4623.4633,49.063
4656.9668,49.240
4690.7131,48.812
4724.7039,48.225
4758.9411,48.024
4793.4263,47.919
4828.1615,48.166
4863.1483,48.497
4898.3887,48.692
4933.8845,48.856
4969.6374,49.199
5005.6495,49.580
5041.9225,49.794
5078.4583,49.974
5115.2589,49.443
5152.3262,48.772
5189.6621,48.377
5227.2685,48.033
5265.1474,48.375
5303.3009,48.839
5341.7308,49.331
5380.4391,49.828
5419.4280,49.854
5458.6994,49.804
5498.2554,50.408
5538.0980,51.111
5578.2294,50.939
5618.6515,50.642
5659.3666,50.049
5700.3767,49.417
5741.6840,49.587
5783.2906,49.858
5825.1987,49.539
5867.4105,49.152
5909.9282,49.093
5952.7539,49.068
5995.8901,48.626
6039.3387,48.142
6083.1023,48.508
6127.1829,48.951
6171.5830,49.230
6216.3049,49.496
6261.3508,49.905
6306.7231,50.324
6352.4242,50.589
6398.4565,50.845
6444.8224,50.540
6491.5242,50.202
6538.5645,50.513
6585.9456,50.856
6633.6701,50.932
6681.7404,50.997
6730.1590,50.867
6778.9285,50.731
6828.0514,50.507
6877.5303,50.280
6927.3677,50.210
6977.5663,50.143
7028.1286,49.716
7079.0573,49.284
7130.3551,49.533
7182.0246,49.788
7234.0685,49.771
7286.4896,49.750
7339.2905,48.933
7392.4740,48.132
7446.0429,48.606
7500.0000,49.071
7554.3481,49.121
7609.0900,49.173
7664.2286,49.334
7719.7668,49.507
7775.7074,50.055
7832.0534,50.583
7888.8077,50.607
7945.9732,50.589
8003.5530,49.695
8061.5500,48.844
8119.9674,48.751
8178.8080,48.646
8238.0750,48.362
8297.7715,48.112
8357.9006,48.327
8418.4654,48.526
8479.4690,48.526
8540.9148,48.513
8602.8057,48.345
8665.1452,48.199
8727.9364,48.284
8791.1827,48.397
8854.8872,48.782
8919.0534,49.075
8983.6845,48.565
9048.7840,48.151
9114.3552,48.526
9180.4016,48.909
9246.9265,49.345
9313.9336,49.849
9381.4262,50.841
9449.4079,51.833
9517.8822,52.823
9586.8527,53.745
9656.3230,54.243
9726.2967,54.731
9796.7774,55.164
9867.7689,55.570
9939.2748,55.823
10011.2989,56.104
10083.8449,56.531
10156.9166,56.823
10230.5178,56.423
10304.6524,55.550
10379.3241,52.375
10454.5370,49.644
10530.2949,48.976
10606.6017,48.479
10683.4615,48.739
10760.8783,49.022
10838.8561,49.400
10917.3989,49.540
10996.5108,48.716
11076.1961,47.901
11156.4588,47.120
11237.3031,46.427
11318.7332,46.064
11400.7534,45.717
11483.3680,45.429
11566.5812,45.053
11650.3974,44.376
11734.8210,43.821
11819.8563,43.671
11905.5079,43.514
11991.7801,43.339
12078.6775,43.315
12166.2046,43.759
12254.3659,44.148
12343.1661,44.377
12432.6098,44.613
12522.7016,44.869
12613.4462,45.000
12704.8485,44.789
12796.9130,44.808
12889.6447,45.444
12983.0484,46.158
13077.1289,47.074
13171.8912,48.224
13267.3402,49.959
13363.4808,51.075
13460.3181,50.699
13557.8571,50.267
13656.1029,49.706
13755.0606,49.347
13854.7355,49.443
13955.1326,49.557
14056.2573,49.709
14158.1147,49.750
14260.7102,49.554
14364.0492,49.431
14468.1370,49.455
14572.9791,49.152
14678.5809,48.199
14784.9480,47.178
14892.0858,46.025
15000.0000,44.956
15108.6962,44.044
15218.1800,43.333
15328.4572,42.984
15439.5335,42.611
15551.4148,42.195
15664.1067,41.680
15777.6153,40.995
15891.9464,40.653
16007.1060,40.884
16123.1001,41.374
16239.9347,42.283
16357.6160,42.968
16476.1500,43.299
16595.5430,43.998
16715.8011,45.256
16836.9307,46.792
16958.9381,48.741
17081.8295,50.508
17205.6115,52.013
17330.2905,52.206
17455.8729,50.562
17582.3653,48.659
17709.7744,46.402
17838.1067,44.444
17967.3690,42.884
18097.5680,41.231
18228.7104,39.459
18360.8031,37.923
18493.8531,36.683
18627.8672,35.385
18762.8524,34.018
18898.8157,33.198
19035.7644,33.025
19173.7054,32.643
19312.6459,32.020
19452.5933,31.964
19593.5548,32.544
19735.5378,33.330
19878.5496,34.341
20022.5978,34.732
20167.6898,34.464
20313.8332,34.006
20461.0356,33.350
20609.3047,32.586
20758.6482,31.713
20909.0740,31.530
21060.5897,32.024
21213.2034,33.101
21366.9231,34.735
21521.7566,35.806
21677.7121,36.357
21834.7977,35.857
21993.0217,34.410
22152.3922,32.448
22312.9176,30.035
22474.6062,26.965
22637.4664,23.336
22801.5068,20.539
22966.7359,18.432
23133.1624,17.023
23300.7948,16.177
23469.6420,15.691
23639.7127,15.488
